login_hour,login_frequency,device_change,location_change,resource_access_count,vip_access,transaction_count,download_volume,api_frequency,role_violation_count,session_duration,is_anomaly
10,1,0,0,28,0,10,178393,2.56,0,407,0
10,1,0,0,23,0,15,66663,1.21,0,141,0
12,1,0,0,22,0,8,425400,5.55,0,309,0
15,2,0,0,19,0,20,195852,6.67,0,33,0
11,4,0,0,15,0,10,131516,2.51,0,420,0
14,1,0,0,7,0,14,100707,3.51,0,206,0
13,1,0,0,28,0,16,331137,1.87,0,223,0
10,3,0,0,25,0,13,352698,2.35,0,65,0
9,2,0,0,29,0,11,91833,6.99,0,473,0
10,4,0,0,13,0,16,383281,6.84,0,113,0
14,3,0,0,11,0,10,417955,7.56,0,361,0
10,2,0,0,22,0,9,135669,4.24,0,168,0
17,2,0,0,26,0,12,491897,6.38,0,58,0
12,1,0,0,30,0,12,260325,2.87,0,138,0
14,2,0,0,25,0,17,257425,7.19,0,359,0
16,2,0,0,13,0,6,179303,6.21,0,305,0
13,4,0,0,23,0,14,239790,2.54,0,100,0
17,4,0,0,7,0,3,107487,2.07,0,111,0
15,1,0,0,17,0,14,362417,7.97,0,300,0
13,1,0,0,26,0,5,407412,7.19,0,414,0
13,3,0,0,8,0,11,277942,2.11,0,31,0
13,2,0,0,21,0,5,377837,3.09,0,357,0
17,2,0,0,9,0,13,449775,2.13,0,428,0
17,1,0,0,24,0,12,306170,1.14,0,215,0
13,2,0,0,6,0,9,347458,7.63,0,73,0
16,1,0,0,29,0,19,451517,1.88,0,367,0
16,2,0,0,13,0,18,368029,3.96,0,138,0
17,2,0,0,27,0,11,259186,7.97,0,362,0
14,4,0,0,21,0,16,113441,2.74,0,62,0
14,1,0,0,23,0,19,170646,5.12,0,33,0
10,1,0,0,12,0,4,66469,7.02,0,66,0
17,2,0,0,13,0,17,162321,4.77,0,400,0
16,2,0,0,30,0,17,473360,3.85,0,78,0
10,4,0,0,16,0,15,265535,4.27,0,403,0
9,1,0,0,6,0,14,431793,3.38,0,471,0
10,2,0,0,11,0,8,331168,4.14,0,246,0
11,3,0,0,19,0,9,89523,4.1,0,471,0
17,1,0,0,6,0,19,488319,1.1,0,77,0
12,2,0,0,18,0,17,302370,2.5,0,235,0
9,2,0,0,17,0,2,254693,2.86,0,431,0
16,3,0,0,18,0,19,397011,6.03,0,109,0
12,3,0,0,11,0,3,353657,6.15,0,61,0
14,1,0,0,6,0,20,299974,4.52,0,466,0
17,2,0,0,6,0,18,92001,6.96,0,65,0
10,2,0,0,17,0,5,348673,2.72,0,334,0
9,1,0,0,18,0,20,346341,4.66,0,163,0
12,3,0,0,12,0,10,257505,1.92,0,360,0
13,4,0,0,15,0,4,54883,4.21,0,318,0
10,1,0,0,22,0,8,315229,2.86,0,208,0
10,2,0,0,16,0,11,132704,4.07,0,308,0
13,1,0,0,26,0,19,206960,7.52,0,83,0
11,3,0,0,8,0,5,439240,4.87,0,169,0
13,2,0,0,27,0,12,156743,5.81,0,466,0
13,4,0,0,13,0,3,98390,5.44,0,454,0
13,1,0,0,5,0,12,454288,1.92,0,164,0
11,4,0,0,22,0,15,344076,1.07,0,68,0
11,1,0,0,16,0,20,339682,2.04,0,95,0
9,3,0,0,16,0,3,237595,2.47,0,157,0
10,3,0,0,29,0,19,263058,7.82,0,413,0
11,2,0,0,10,0,7,266161,1.17,0,407,0
14,4,0,0,30,0,9,189883,2.11,0,389,0
10,4,0,0,6,0,17,166619,2.4,0,265,0
14,3,0,0,30,0,9,166876,1.17,0,128,0
15,3,0,0,13,0,4,455445,2.95,0,358,0
17,4,0,0,26,0,19,223617,7.57,0,89,0
13,2,0,0,23,0,10,70057,1.76,0,252,0
14,3,0,0,18,0,18,110631,3.7,0,325,0
12,3,0,0,6,0,15,50886,4.64,0,442,0
17,2,0,0,16,0,15,86686,7.64,0,199,0
14,1,0,0,28,0,11,315878,3.16,0,239,0
14,4,0,0,27,0,11,340671,1.89,0,245,0
15,2,0,0,24,0,20,207784,3.84,0,456,0
9,3,0,0,14,0,8,275385,6.5,0,340,0
14,4,0,0,19,0,16,404223,2.5,0,272,0
11,1,0,0,14,0,18,398050,5.43,0,201,0
10,2,0,0,26,0,11,167776,6.65,0,105,0
9,1,0,0,12,0,17,370483,6.95,0,67,0
16,4,0,0,25,0,20,151940,6.03,0,226,0
16,4,0,0,12,0,6,393963,5.81,0,414,0
10,4,0,0,12,0,7,471585,7.71,0,295,0
16,1,0,0,22,0,9,494772,1.85,0,98,0
16,3,0,0,29,0,16,371206,6.71,0,288,0
15,4,0,0,10,0,17,285966,2.81,0,156,0
13,4,0,0,25,0,9,193968,4.08,0,395,0
13,2,0,0,13,0,12,217619,7.25,0,71,0
11,2,0,0,12,0,14,413829,2.07,0,139,0
10,4,0,0,18,0,12,334484,4.26,0,61,0
12,4,0,0,17,0,20,414654,1.14,0,480,0
15,4,0,0,5,0,13,206559,6.27,0,466,0
15,2,0,0,20,0,9,193096,4.05,0,44,0
15,3,0,0,26,0,14,429679,2.16,0,269,0
11,1,0,0,17,0,20,345903,5.64,0,72,0
15,2,0,0,19,0,7,76363,2.82,0,197,0
12,4,0,0,15,0,12,449103,7.16,0,172,0
15,3,0,0,7,0,17,60162,6.24,0,56,0
14,2,0,0,25,0,4,459591,7.7,0,50,0
9,2,0,0,11,0,2,375758,2.07,0,94,0
16,1,0,0,23,0,8,293811,5.9,0,422,0
14,2,0,0,24,0,5,457786,6.74,0,189,0
10,1,0,0,14,0,20,405125,7.36,0,222,0
15,2,0,0,7,0,20,412080,6.81,0,154,0
10,3,0,0,26,0,5,467452,7.89,0,430,0
9,3,0,0,22,0,15,396827,3.59,0,289,0
14,1,0,0,18,0,17,105332,4.03,0,215,0
16,2,0,0,18,0,7,434720,4.65,0,363,0
13,4,0,0,19,0,15,482922,6.12,0,167,0
14,2,0,0,7,0,10,286350,2.71,0,267,0
15,3,0,0,5,0,17,496144,3.28,0,279,0
12,3,0,0,30,0,10,228435,2.96,0,335,0
13,1,0,0,21,0,8,94885,2.69,0,238,0
16,2,0,0,27,0,17,388639,5.98,0,259,0
9,1,0,0,14,0,9,262022,5.84,0,186,0
14,4,0,0,22,0,18,230227,3.98,0,411,0
17,3,0,0,16,0,16,192038,3.15,0,148,0
10,2,0,0,15,0,5,439483,4.75,0,420,0
11,2,0,0,11,0,17,194965,6.07,0,419,0
17,3,0,0,8,0,8,205318,2.59,0,121,0
13,1,0,0,27,0,19,116365,2.92,0,57,0
17,3,0,0,27,0,6,384427,7.08,0,281,0
10,1,0,0,23,0,11,296099,4.35,0,204,0
11,1,0,0,13,0,17,109814,6.75,0,235,0
16,1,0,0,23,0,3,129548,2.04,0,318,0
13,1,0,0,12,0,5,342590,6.35,0,340,0
12,4,0,0,19,0,16,205898,7.02,0,249,0
13,1,0,0,24,0,5,449893,2.45,0,138,0
13,1,0,0,10,0,9,141128,4.86,0,110,0
9,4,0,0,19,0,17,202703,1.23,0,177,0
13,4,0,0,7,0,9,188702,6.51,0,350,0
12,4,0,0,8,0,19,167864,5.53,0,166,0
11,1,0,0,6,0,7,465565,3.15,0,413,0
13,4,0,0,8,0,16,411065,3.13,0,236,0
13,4,0,0,19,0,4,363543,1.28,0,251,0
14,3,0,0,5,0,4,170022,7.73,0,458,0
9,3,0,0,23,0,3,450088,6.29,0,270,0
17,4,0,0,13,0,7,356881,4.05,0,446,0
16,1,0,0,20,0,13,264092,3.33,0,373,0
10,2,0,0,15,0,15,413684,4.47,0,369,0
15,1,0,0,19,0,4,214897,2.77,0,89,0
15,1,0,0,26,0,19,292208,3.89,0,126,0
17,3,0,0,24,0,17,377894,4.09,0,56,0
12,3,0,0,22,0,6,201010,4.07,0,387,0
16,1,0,0,5,0,9,422130,2.11,0,312,0
9,4,0,0,7,0,9,491138,7.39,0,266,0
10,2,0,0,20,0,11,316795,5.94,0,242,0
16,4,0,0,12,0,16,339021,2.01,0,127,0
17,2,0,0,7,0,10,455104,6.53,0,242,0
14,3,0,0,5,0,11,430659,3.09,0,330,0
16,2,0,0,19,0,19,303934,3.42,0,312,0
17,4,0,0,19,0,12,148908,7.87,0,152,0
15,2,0,0,29,0,15,72883,3.23,0,272,0
15,4,0,0,26,0,6,309694,7.75,0,94,0
17,3,0,0,8,0,16,102277,4.68,0,263,0
9,2,0,0,18,0,6,89231,4.29,0,165,0
14,4,0,0,25,0,4,496570,3.3,0,375,0
17,4,0,0,15,0,17,333648,1.25,0,65,0
12,3,0,0,12,0,4,277526,7.85,0,419,0
10,4,0,0,10,0,11,65176,1.32,0,437,0
9,3,0,0,16,0,13,275803,2.02,0,301,0
15,2,0,0,10,0,7,91402,5.27,0,225,0
12,4,0,0,23,0,6,171733,4.23,0,160,0
16,3,0,0,26,0,2,471859,4.26,0,177,0
17,2,0,0,7,0,16,231175,7.91,0,183,0
15,3,0,0,19,0,11,154447,8.0,0,466,0
16,1,0,0,12,0,14,349852,3.51,0,181,0
13,1,0,0,26,0,14,193906,1.06,0,472,0
9,4,0,0,14,0,9,368276,6.61,0,142,0
12,3,0,0,26,0,6,379382,1.68,0,351,0
9,3,0,0,30,0,16,67492,5.06,0,404,0
11,1,0,0,14,0,12,441895,3.91,0,132,0
11,3,0,0,21,0,18,192882,6.81,0,161,0
16,3,0,0,28,0,12,471649,1.81,0,68,0
11,2,0,0,26,0,14,493413,6.63,0,217,0
10,4,0,0,5,0,10,331318,1.87,0,218,0
13,4,0,0,25,0,13,106804,5.72,0,271,0
9,3,0,0,24,0,9,389556,1.44,0,451,0
16,3,0,0,25,0,15,111171,1.98,0,49,0
13,4,0,0,8,0,5,173102,7.21,0,99,0
15,4,0,0,16,0,19,269743,5.11,0,402,0
11,4,0,0,25,0,5,487095,4.43,0,238,0
13,1,0,0,27,0,13,163911,4.1,0,150,0
14,1,0,0,26,0,13,335456,7.31,0,360,0
14,1,0,0,17,0,10,149514,7.78,0,464,0
16,1,0,0,26,0,8,386437,5.48,0,40,0
9,3,0,0,12,0,6,462603,4.95,0,65,0
17,2,0,0,23,0,8,476273,7.09,0,198,0
11,1,0,0,13,0,6,118153,4.78,0,438,0
11,1,0,0,26,0,2,119102,1.1,0,434,0
12,3,0,0,5,0,7,189129,1.37,0,409,0
15,1,0,0,28,0,4,299690,4.14,0,215,0
17,1,0,0,19,0,18,166155,7.62,0,52,0
17,3,0,0,19,0,2,81890,7.99,0,463,0
15,4,0,0,26,0,5,307042,5.99,0,257,0
10,1,0,0,15,0,6,84436,1.88,0,349,0
17,3,0,0,17,0,18,204611,4.18,0,339,0
15,1,0,0,30,0,5,497108,5.58,0,479,0
17,2,0,0,18,0,16,169796,3.9,0,453,0
16,4,0,0,18,0,5,213865,3.99,0,370,0
13,3,0,0,9,0,17,85197,1.64,0,73,0
10,4,0,0,8,0,13,475600,1.91,0,60,0
17,3,0,0,26,0,5,265382,3.48,0,370,0
15,1,0,0,14,0,11,234363,1.73,0,289,0
12,2,0,0,26,0,17,167568,6.93,0,209,0
17,3,0,0,8,0,10,350993,2.58,0,249,0
17,1,0,0,24,0,10,65179,2.26,0,389,0
13,3,0,0,16,0,2,145108,7.09,0,319,0
15,1,0,0,9,0,2,98107,6.22,0,140,0
15,4,0,0,19,0,12,132527,3.59,0,399,0
14,1,0,0,6,0,6,132528,6.28,0,55,0
10,3,0,0,19,0,15,304626,5.25,0,242,0
13,2,0,0,29,0,18,109673,3.42,0,86,0
13,4,0,0,21,0,11,73811,2.54,0,336,0
9,1,0,0,11,0,11,160747,6.37,0,421,0
13,3,0,0,15,0,5,54052,4.48,0,250,0
11,2,0,0,17,0,19,418926,2.61,0,316,0
14,1,0,0,17,0,3,278704,1.13,0,69,0
14,4,0,0,23,0,14,421981,5.48,0,178,0
10,4,0,0,5,0,12,140111,6.61,0,346,0
16,3,0,0,7,0,15,492753,1.74,0,253,0
15,1,0,0,17,0,11,441016,3.38,0,200,0
11,1,0,0,21,0,5,328189,4.57,0,427,0
14,3,0,0,28,0,6,173872,1.72,0,161,0
12,2,0,0,24,0,6,448571,6.31,0,68,0
11,4,0,0,19,0,20,448394,5.06,0,378,0
14,3,0,0,9,0,16,85801,4.28,0,353,0
13,3,0,0,23,0,3,234519,4.55,0,188,0
16,4,0,0,6,0,3,243324,6.82,0,69,0
10,4,0,0,19,0,20,340621,7.68,0,408,0
9,4,0,0,30,0,20,391750,2.32,0,339,0
16,2,0,0,6,0,16,104264,6.68,0,458,0
14,1,0,0,21,0,7,70521,2.73,0,254,0
16,2,0,0,16,0,13,198317,3.71,0,426,0
14,1,0,0,30,0,12,84556,3.31,0,315,0
15,3,0,0,13,0,6,224777,1.57,0,369,0
11,3,0,0,14,0,14,117607,5.17,0,73,0
13,4,0,0,25,0,12,476343,1.89,0,389,0
17,1,0,0,25,0,15,316594,3.53,0,215,0
13,2,0,0,11,0,12,451686,4.4,0,145,0
11,2,0,0,7,0,11,492723,6.52,0,289,0
17,1,0,0,26,0,12,451765,5.33,0,335,0
15,2,0,0,10,0,7,485864,5.85,0,349,0
11,4,0,0,6,0,15,240997,5.73,0,151,0
16,3,0,0,29,0,16,172684,4.74,0,188,0
16,2,0,0,16,0,20,280999,4.23,0,174,0
15,4,0,0,10,0,8,470090,5.23,0,476,0
13,1,0,0,25,0,17,244622,4.88,0,82,0
17,1,0,0,14,0,4,450092,2.12,0,260,0
17,2,0,0,18,0,4,166411,6.72,0,208,0
9,4,0,0,6,0,14,313196,3.62,0,227,0
10,3,0,0,12,0,2,217082,7.52,0,459,0
14,2,0,0,9,0,3,200407,7.42,0,271,0
11,4,0,0,19,0,2,91537,1.13,0,140,0
11,4,0,0,8,0,11,174591,3.11,0,54,0
12,4,0,0,25,0,16,82929,1.78,0,285,0
17,1,0,0,25,0,18,351490,2.69,0,103,0
13,4,0,0,5,0,13,176124,4.99,0,125,0
10,3,0,0,7,0,18,335255,4.55,0,289,0
17,1,0,0,17,0,17,72824,5.45,0,221,0
13,1,0,0,16,0,4,230775,2.69,0,366,0
10,3,0,0,9,0,3,234706,4.82,0,446,0
11,4,0,0,27,0,17,381211,2.28,0,99,0
10,4,0,0,6,0,11,155691,1.31,0,132,0
9,3,0,0,14,0,18,258784,7.92,0,308,0
16,3,0,0,6,0,8,200004,3.5,0,429,0
9,3,0,0,13,0,5,469085,3.58,0,234,0
16,4,0,0,15,0,7,310153,5.84,0,218,0
17,3,0,0,30,0,4,431200,3.97,0,250,0
11,3,0,0,15,0,5,91979,3.3,0,181,0
13,4,0,0,24,0,15,137369,5.83,0,209,0
16,1,0,0,28,0,13,372359,7.99,0,170,0
9,1,0,0,26,0,14,240479,4.59,0,413,0
11,1,0,0,9,0,16,68244,1.88,0,150,0
14,3,0,0,17,0,20,66979,5.24,0,377,0
16,3,0,0,16,0,16,450076,1.54,0,100,0
17,3,0,0,17,0,12,390556,2.95,0,88,0
9,2,0,0,20,0,18,252892,7.39,0,90,0
13,3,0,0,27,0,16,162496,7.97,0,176,0
16,2,0,0,8,0,6,497126,1.52,0,118,0
16,1,0,0,30,0,12,400140,3.43,0,63,0
17,3,0,0,14,0,7,423192,5.97,0,388,0
11,3,0,0,21,0,9,113628,7.9,0,435,0
11,2,0,0,30,0,17,63780,3.53,0,323,0
14,4,0,0,30,0,19,118037,5.28,0,74,0
10,3,0,0,17,0,17,325615,3.88,0,239,0
10,2,0,0,15,0,4,285916,4.26,0,294,0
14,2,0,0,29,0,19,385436,5.11,0,423,0
11,4,0,0,21,0,3,485888,1.87,0,108,0
13,2,0,0,10,0,12,421894,2.58,0,295,0
13,1,0,0,13,0,8,382952,7.69,0,170,0
11,3,0,0,24,0,19,98983,4.52,0,116,0
11,2,0,0,26,0,12,491728,7.47,0,51,0
9,1,0,0,6,0,20,188755,5.56,0,422,0
15,1,0,0,20,0,19,201871,5.49,0,184,0
16,2,0,0,30,0,14,205941,4.17,0,382,0
9,2,0,0,19,0,15,303887,4.25,0,204,0
11,3,0,0,27,0,12,434932,7.92,0,206,0
15,2,0,0,29,0,13,319997,4.93,0,193,0
12,4,0,0,8,0,10,285717,2.74,0,79,0
9,3,0,0,17,0,15,180165,7.74,0,111,0
14,3,0,0,11,0,7,311234,7.97,0,269,0
16,3,0,0,20,0,2,97211,7.62,0,288,0
16,2,0,0,11,0,20,235018,1.34,0,174,0
16,4,0,0,14,0,19,54287,6.93,0,250,0
11,3,0,0,28,0,13,450480,3.82,0,53,0
15,1,0,0,23,0,19,152055,3.54,0,177,0
10,4,0,0,21,0,16,450767,4.85,0,452,0
10,2,0,0,8,0,14,245663,6.56,0,203,0
17,3,0,0,29,0,6,154363,5.22,0,235,0
17,1,0,0,6,0,3,121846,6.0,0,441,0
16,4,0,0,9,0,18,123285,3.3,0,343,0
14,2,0,0,17,0,11,361282,3.35,0,454,0
17,4,0,0,27,0,20,207176,4.32,0,38,0
14,3,0,0,26,0,5,268387,5.09,0,437,0
9,4,0,0,13,0,20,352846,2.59,0,56,0
16,2,0,0,21,0,14,127477,6.75,0,154,0
9,1,0,0,11,0,2,281231,3.2,0,107,0
15,2,0,0,18,0,18,456308,5.28,0,271,0
9,2,0,0,21,0,8,344066,3.28,0,369,0
16,4,0,0,15,0,7,290996,7.38,0,205,0
17,3,0,0,26,0,10,369855,4.39,0,156,0
13,3,0,0,12,0,11,454317,3.02,0,136,0
16,3,0,0,20,0,13,343856,7.54,0,437,0
13,3,0,0,8,0,20,404744,4.8,0,232,0
14,2,0,0,14,0,3,200801,7.69,0,70,0
14,4,0,0,25,0,10,441820,4.35,0,133,0
17,3,0,0,22,0,10,121970,1.76,0,409,0
12,2,0,0,6,0,18,168316,5.47,0,56,0
10,4,0,0,15,0,17,102714,5.77,0,100,0
9,2,0,0,18,0,17,300320,5.55,0,417,0
13,3,0,0,14,0,3,453033,1.63,0,323,0
12,1,0,0,10,0,15,489146,2.23,0,48,0
15,4,0,0,10,0,11,69643,1.06,0,320,0
10,3,0,0,14,0,16,386232,4.8,0,282,0
11,4,0,0,13,0,8,474051,1.79,0,113,0
16,3,0,0,27,0,7,57384,6.16,0,434,0
13,2,0,0,10,0,14,483580,3.99,0,197,0
10,4,0,0,26,0,5,146878,7.87,0,274,0
14,2,0,0,5,0,10,251103,2.65,0,415,0
13,3,0,0,14,0,20,428998,5.01,0,163,0
14,2,0,0,6,0,5,294001,3.15,0,237,0
17,3,0,0,27,0,5,384868,7.41,0,181,0
14,2,0,0,12,0,6,300705,2.07,0,412,0
14,4,0,0,27,0,19,296849,6.3,0,440,0
12,2,0,0,26,0,4,325516,4.13,0,390,0
14,1,0,0,23,0,5,82379,6.8,0,288,0
12,2,0,0,10,0,12,497996,4.64,0,89,0
12,4,0,0,7,0,18,283561,6.66,0,262,0
11,4,0,0,19,0,20,80270,4.91,0,374,0
13,1,0,0,17,0,10,478056,1.02,0,141,0
10,1,0,0,18,0,13,417203,1.45,0,60,0
10,4,0,0,6,0,11,264364,2.26,0,99,0
15,3,0,0,17,0,16,247916,3.63,0,379,0
17,2,0,0,25,0,13,112197,2.25,0,305,0
15,2,0,0,28,0,9,487686,1.02,0,41,0
13,4,0,0,26,0,19,272365,4.72,0,451,0
12,2,0,0,19,0,13,131328,2.93,0,478,0
10,1,0,0,30,0,15,372396,6.36,0,38,0
12,2,0,0,7,0,5,361397,1.24,0,336,0
9,2,0,0,28,0,3,260902,4.07,0,306,0
12,1,0,0,9,0,18,201657,2.64,0,404,0
14,3,0,0,12,0,11,125109,7.9,0,296,0
12,4,0,0,14,0,10,81959,4.9,0,332,0
11,4,0,0,22,0,17,74580,7.81,0,359,0
15,3,0,0,27,0,15,264045,2.04,0,222,0
11,4,0,0,12,0,9,207672,7.0,0,103,0
16,1,0,0,22,0,15,268370,4.9,0,98,0
15,2,0,0,13,0,8,223152,5.53,0,260,0
14,1,0,0,22,0,8,77020,2.88,0,374,0
9,1,0,0,11,0,20,429744,5.7,0,141,0
16,2,0,0,15,0,11,58039,2.48,0,127,0
10,4,0,0,12,0,8,257949,7.41,0,312,0
14,3,0,0,17,0,16,329786,5.54,0,187,0
13,3,0,0,21,0,17,294320,1.69,0,399,0
16,3,0,0,11,0,13,214061,3.9,0,318,0
12,2,0,0,5,0,10,340094,7.54,0,326,0
15,3,0,0,9,0,8,222944,2.61,0,321,0
12,4,0,0,22,0,12,184913,6.34,0,280,0
16,4,0,0,10,0,13,138743,1.98,0,309,0
16,2,0,0,22,0,3,324697,1.24,0,463,0
10,1,0,0,29,0,2,266212,1.96,0,352,0
12,1,0,0,27,0,6,54792,2.53,0,263,0
14,1,0,0,24,0,17,395654,4.41,0,33,0
17,4,0,0,5,0,2,327567,6.06,0,304,0
13,1,0,0,21,0,15,472664,7.58,0,121,0
10,1,0,0,21,0,6,176337,2.34,0,299,0
13,3,0,0,13,0,14,91428,3.61,0,237,0
16,2,0,0,27,0,9,207273,5.79,0,464,0
10,1,0,0,7,0,14,248843,3.64,0,273,0
9,1,0,0,27,0,7,93351,4.5,0,252,0
14,1,0,0,21,0,3,170463,2.48,0,474,0
16,3,0,0,6,0,4,408837,7.48,0,308,0
9,2,0,0,15,0,2,158610,5.11,0,415,0
15,1,0,0,14,0,7,345676,2.68,0,457,0
15,3,0,0,17,0,6,464448,7.92,0,400,0
10,3,0,0,6,0,5,279160,2.63,0,68,0
14,4,0,0,29,0,12,65532,5.44,0,431,0
16,4,0,0,12,0,13,339951,7.59,0,251,0
11,4,0,0,7,0,11,468410,2.73,0,67,0
10,3,0,0,9,0,14,423123,6.49,0,108,0
15,3,0,0,16,0,5,97983,1.04,0,187,0
16,3,0,0,29,0,10,103598,1.93,0,125,0
15,4,0,0,22,0,19,318666,3.86,0,43,0
10,3,0,0,22,0,4,362960,5.19,0,196,0
15,1,0,0,14,0,15,253318,6.45,0,401,0
17,2,0,0,23,0,18,138910,5.8,0,116,0
11,3,0,0,14,0,10,308538,2.02,0,115,0
15,3,0,0,18,0,11,303876,6.48,0,214,0
13,2,0,0,28,0,17,361325,5.32,0,264,0
10,2,0,0,14,0,2,257456,3.33,0,347,0
15,3,0,0,19,0,12,275766,6.71,0,470,0
11,3,0,0,15,0,8,301139,3.2,0,233,0
14,3,0,0,28,0,17,351926,6.47,0,196,0
15,3,0,0,30,0,14,241373,1.8,0,318,0
12,2,0,0,26,0,19,64111,7.67,0,266,0
12,4,0,0,30,0,11,485831,5.85,0,449,0
15,4,0,0,9,0,11,176888,2.77,0,108,0
15,4,0,0,7,0,16,363489,4.35,0,235,0
17,4,0,0,22,0,3,464565,7.78,0,389,0
17,1,0,0,8,0,9,394772,5.65,0,115,0
9,4,0,0,29,0,12,467454,4.01,0,35,0
10,3,0,0,12,0,18,441566,4.63,0,327,0
12,4,0,0,16,0,14,292778,6.41,0,331,0
17,2,0,0,16,0,2,303111,1.73,0,242,0
10,1,0,0,28,0,6,232624,3.18,0,263,0
12,4,0,0,16,0,17,101182,4.07,0,386,0
16,3,0,0,7,0,11,73426,6.67,0,88,0
9,3,0,0,25,0,5,405016,6.6,0,409,0
12,2,0,0,22,0,7,223533,4.92,0,266,0
12,4,0,0,25,0,7,147720,5.48,0,251,0
15,1,0,0,28,0,8,285706,5.15,0,229,0
9,2,0,0,11,0,10,444435,5.93,0,437,0
10,1,0,0,30,0,19,148020,3.56,0,130,0
16,1,0,0,13,0,17,326674,7.76,0,190,0
15,4,0,0,23,0,5,232412,3.46,0,264,0
11,3,0,0,24,0,20,94434,5.7,0,190,0
10,2,0,0,14,0,5,145968,3.61,0,102,0
17,4,0,0,18,0,6,351363,3.69,0,125,0
16,2,0,0,22,0,7,306713,3.02,0,125,0
14,4,0,0,24,0,3,238239,7.66,0,278,0
11,2,0,0,17,0,19,314995,5.57,0,239,0
16,4,0,0,27,0,16,306219,2.17,0,319,0
9,2,0,0,14,0,3,194102,2.57,0,177,0
11,4,0,0,23,0,17,338214,4.58,0,323,0
10,3,0,0,29,0,19,481637,7.94,0,307,0
9,4,0,0,22,0,8,272903,1.72,0,454,0
12,3,0,0,6,0,16,187790,3.44,0,448,0
10,4,0,0,8,0,9,160036,6.67,0,331,0
14,4,0,0,10,0,6,461487,2.45,0,135,0
9,3,0,0,22,0,10,362925,4.77,0,195,0
13,3,0,0,23,0,10,499847,4.6,0,377,0
10,2,0,0,29,0,15,81082,7.95,0,473,0
11,2,0,0,12,0,6,422975,3.25,0,156,0
15,4,0,0,9,0,20,381560,2.88,0,242,0
15,4,0,0,7,0,4,261209,4.61,0,172,0
14,4,0,0,20,0,12,355112,1.02,0,426,0
10,4,0,0,25,0,13,495700,1.44,0,303,0
15,2,0,0,18,0,8,309373,2.88,0,454,0
13,3,0,0,22,0,20,118468,4.96,0,278,0
14,1,0,0,6,0,5,378298,6.49,0,265,0
9,1,0,0,10,0,16,289346,1.0,0,249,0
12,2,0,0,25,0,11,133349,7.12,0,478,0
13,1,0,0,25,0,13,181276,1.58,0,370,0
11,1,0,0,17,0,11,430626,5.9,0,149,0
15,1,0,0,27,0,5,50569,2.49,0,69,0
11,2,0,0,21,0,16,54869,1.06,0,205,0
10,4,0,0,27,0,6,300452,1.5,0,226,0
10,1,0,0,8,0,12,242708,7.17,0,100,0
15,2,0,0,25,0,6,85867,4.71,0,34,0
11,4,0,0,16,0,8,379294,6.24,0,240,0
16,2,0,0,7,0,5,123407,6.27,0,331,0
15,3,0,0,18,0,12,464752,1.98,0,171,0
10,2,0,0,22,0,11,458404,7.59,0,43,0
13,2,0,0,21,0,18,148905,6.23,0,181,0
9,2,0,0,20,0,14,109110,2.69,0,356,0
10,1,0,0,16,0,12,119197,3.71,0,459,0
15,3,0,0,22,0,7,449888,4.3,0,424,0
10,1,0,0,23,0,4,57231,2.84,0,50,0
9,4,0,0,21,0,11,379552,5.99,0,422,0
15,4,0,0,27,0,14,93215,5.48,0,305,0
11,3,0,0,7,0,11,91430,4.58,0,134,0
11,3,0,0,17,0,20,382552,6.34,0,362,0
10,3,0,0,27,0,15,432708,7.67,0,152,0
9,2,0,0,7,0,15,110810,4.17,0,341,0
9,3,0,0,26,0,7,112622,1.09,0,100,0
9,2,0,0,20,0,13,324205,4.62,0,451,0
13,2,0,0,16,0,6,443098,6.47,0,167,0
10,1,0,0,15,0,15,192596,4.67,0,164,0
10,4,0,0,19,0,18,238808,1.39,0,469,0
11,3,0,0,10,0,10,455447,1.72,0,323,0
10,2,0,0,28,0,18,51346,1.31,0,471,0
9,2,0,0,6,0,17,240828,3.68,0,106,0
11,1,0,0,22,0,15,167710,3.25,0,243,0
14,3,0,0,7,0,20,245458,1.84,0,374,0
9,2,0,0,12,0,18,74079,7.68,0,65,0
16,3,0,0,29,0,11,221599,1.6,0,263,0
9,3,0,0,11,0,11,345597,6.49,0,408,0
12,4,0,0,16,0,20,308663,7.98,0,427,0
12,2,0,0,9,0,2,264977,1.17,0,307,0
14,1,0,0,15,0,2,447897,5.6,0,464,0
13,1,0,0,11,0,18,174868,3.94,0,60,0
11,3,0,0,7,0,3,171358,7.28,0,296,0
15,3,0,0,19,0,4,354491,1.67,0,98,0
15,1,0,0,23,0,20,82654,4.04,0,96,0
12,3,0,0,13,0,12,469858,3.75,0,455,0
14,3,0,0,19,0,10,172479,1.52,0,133,0
11,1,0,0,9,0,5,136179,4.15,0,190,0
15,1,0,0,22,0,13,453878,2.45,0,187,0
16,3,0,0,8,0,4,132635,6.65,0,185,0
9,2,0,0,15,0,6,97821,5.98,0,212,0
15,1,0,0,26,0,11,186402,6.74,0,119,0
9,4,0,0,19,0,19,442208,4.85,0,78,0
16,1,0,0,30,0,6,113676,1.08,0,455,0
12,2,0,0,11,0,14,245160,5.8,0,360,0
10,3,0,0,7,0,2,83801,2.38,0,360,0
16,2,0,0,7,0,12,114239,1.3,0,266,0
9,2,0,0,23,0,15,480799,6.07,0,284,0
9,4,0,0,26,0,15,140600,3.48,0,125,0
13,3,0,0,19,0,6,68166,5.3,0,345,0
12,3,0,0,20,0,15,338719,4.35,0,74,0
13,4,0,0,9,0,15,154573,5.5,0,438,0
17,2,0,0,25,0,19,466728,1.14,0,225,0
14,4,0,0,22,0,17,230372,7.39,0,287,0
14,4,0,0,13,0,7,63664,3.23,0,142,0
9,3,0,0,6,0,17,327574,3.5,0,329,0
12,2,0,0,8,0,9,394386,2.69,0,303,0
9,2,0,0,23,0,14,236019,7.55,0,462,0
11,2,0,0,12,0,20,216725,6.64,0,387,0
14,1,0,0,27,0,13,347612,4.95,0,318,0
12,4,0,0,22,0,11,142042,4.43,0,76,0
9,2,0,0,24,0,9,60448,4.69,0,30,0
14,2,0,0,30,0,6,228655,6.02,0,440,0
14,1,0,0,5,0,6,357552,5.93,0,102,0
10,3,0,0,7,0,13,419380,7.59,0,232,0
10,3,0,0,14,0,12,121539,7.83,0,404,0
15,4,0,0,25,0,12,141332,5.95,0,317,0
14,2,0,0,26,0,20,477008,2.23,0,187,0
13,2,0,0,10,0,2,418054,7.64,0,230,0
9,2,0,0,24,0,12,474047,7.77,0,143,0
10,4,0,0,9,0,12,440774,1.54,0,207,0
14,2,0,0,25,0,4,480787,5.96,0,357,0
14,4,0,0,5,0,10,159934,2.75,0,64,0
14,3,0,0,30,0,5,427704,1.01,0,227,0
16,4,0,0,10,0,15,308516,7.17,0,209,0
17,4,0,0,8,0,17,463521,7.05,0,363,0
12,2,0,0,19,0,4,469008,6.92,0,180,0
9,3,0,0,13,0,5,88902,3.39,0,222,0
11,1,0,0,22,0,4,227183,5.16,0,344,0
16,1,0,0,18,0,7,368409,7.23,0,110,0
9,1,0,0,15,0,8,149606,3.86,0,313,0
17,3,0,0,26,0,11,205923,2.66,0,55,0
15,4,0,0,9,0,3,239178,1.03,0,74,0
13,4,0,0,11,0,5,63492,2.45,0,356,0
13,1,0,0,20,0,5,211665,6.49,0,271,0
16,3,0,0,7,0,19,253175,2.29,0,225,0
14,2,0,0,19,0,3,188042,4.08,0,164,0
12,3,0,0,23,0,3,129235,6.27,0,371,0
10,1,0,0,26,0,13,473719,4.79,0,417,0
12,1,0,0,17,0,18,269483,7.76,0,381,0
16,2,0,0,20,0,11,91395,3.76,0,467,0
9,2,0,0,8,0,16,140638,7.64,0,115,0
12,2,0,0,9,0,3,271970,1.55,0,379,0
15,2,0,0,25,0,6,487312,5.17,0,193,0
10,1,0,0,17,0,19,258328,4.86,0,468,0
13,4,0,0,5,0,20,323972,6.47,0,87,0
15,2,0,0,9,0,20,358246,5.08,0,81,0
10,1,0,0,30,0,11,330826,7.16,0,479,0
15,3,0,0,17,0,17,349904,5.26,0,49,0
11,3,0,0,17,0,6,374138,5.26,0,385,0
15,1,0,0,17,0,12,412028,2.66,0,411,0
16,3,0,0,16,0,2,227139,6.72,0,185,0
13,3,0,0,20,0,5,169515,1.94,0,410,0
16,3,0,0,13,0,15,367183,5.52,0,126,0
16,2,0,0,18,0,17,448193,4.62,0,221,0
9,2,0,0,7,0,11,422018,4.55,0,99,0
17,1,0,0,10,0,8,486695,2.41,0,59,0
12,1,0,0,19,0,3,238940,5.93,0,170,0
14,4,0,0,21,0,14,383137,7.46,0,378,0
9,2,0,0,16,0,17,361449,4.12,0,475,0
16,3,0,0,16,0,7,489171,7.26,0,413,0
10,3,0,0,5,0,14,76031,2.14,0,322,0
12,2,0,0,25,0,9,405307,2.45,0,363,0
15,1,0,0,29,0,2,298563,7.38,0,361,0
11,1,0,0,12,0,10,368947,6.64,0,186,0
13,4,0,0,17,0,13,290647,2.76,0,268,0
13,4,0,0,23,0,5,53852,4.58,0,369,0
14,3,0,0,14,0,5,302569,1.45,0,171,0
14,3,0,0,13,0,11,148754,2.05,0,421,0
12,1,0,0,30,0,14,396308,3.24,0,101,0
9,4,0,0,14,0,10,269448,3.83,0,407,0
9,2,0,0,15,0,9,409828,4.74,0,431,0
16,3,0,0,21,0,11,493243,2.19,0,366,0
17,2,0,0,14,0,5,296824,1.9,0,162,0
17,2,0,0,26,0,12,393112,1.63,0,211,0
12,3,0,0,18,0,12,244868,2.82,0,180,0
16,1,0,0,20,0,3,382606,5.09,0,347,0
10,4,0,0,11,0,18,112818,7.07,0,225,0
17,3,0,0,18,0,3,497867,2.06,0,132,0
14,4,0,0,23,0,16,125090,3.21,0,396,0
11,1,0,0,20,0,12,380842,7.91,0,190,0
9,1,0,0,19,0,10,159776,6.33,0,116,0
11,4,0,0,30,0,4,117845,5.3,0,354,0
15,4,0,0,18,0,17,250968,1.03,0,303,0
12,3,0,0,5,0,12,446806,6.83,0,127,0
9,1,0,0,25,0,9,168628,5.85,0,206,0
13,2,0,0,8,0,14,313893,5.12,0,115,0
10,1,0,0,14,0,11,289036,6.09,0,335,0
17,3,0,0,18,0,6,229690,7.97,0,280,0
14,2,0,0,10,0,14,60026,2.6,0,402,0
11,2,0,0,28,0,2,359168,4.53,0,93,0
14,1,0,0,17,0,10,454356,4.74,0,54,0
9,1,0,0,25,0,2,75289,5.83,0,243,0
16,4,0,0,8,0,19,182507,4.32,0,108,0
12,1,0,0,14,0,15,396902,1.71,0,296,0
13,2,0,0,18,0,5,318217,6.03,0,90,0
13,1,0,0,30,0,5,310958,2.39,0,132,0
13,2,0,0,16,0,15,204849,2.12,0,310,0
16,2,0,0,27,0,17,223331,2.64,0,36,0
10,1,0,0,23,0,17,128194,7.65,0,429,0
17,1,0,0,28,0,5,184161,5.51,0,263,0
13,3,0,0,19,0,3,102328,6.69,0,477,0
9,3,0,0,16,0,12,273344,6.17,0,78,0
9,1,0,0,9,0,7,222312,3.5,0,254,0
13,1,0,0,16,0,12,145876,1.8,0,234,0
16,3,0,0,17,0,17,469377,3.95,0,438,0
11,1,0,0,9,0,3,492682,2.12,0,243,0
16,4,0,0,10,0,14,458506,3.51,0,44,0
11,4,0,0,20,0,5,265631,4.08,0,62,0
13,3,0,0,5,0,18,452406,6.21,0,400,0
12,3,0,0,21,0,18,410836,5.9,0,78,0
15,2,0,0,20,0,13,397975,5.73,0,227,0
11,1,0,0,5,0,7,315063,6.94,0,466,0
16,2,0,0,7,0,17,218104,2.69,0,172,0
9,2,0,0,22,0,14,261433,6.72,0,70,0
16,4,0,0,30,0,20,284932,1.62,0,285,0
16,3,0,0,8,0,17,440719,5.57,0,82,0
15,4,0,0,6,0,19,337885,1.0,0,76,0
13,2,0,0,25,0,16,228705,3.54,0,57,0
12,4,0,0,15,0,19,452347,5.34,0,272,0
14,4,0,0,8,0,5,448102,5.61,0,31,0
14,3,0,0,25,0,11,337147,4.65,0,389,0
10,1,0,0,10,0,17,123635,6.75,0,410,0
15,1,0,0,13,0,8,148326,1.85,0,466,0
15,2,0,0,19,0,8,425803,3.37,0,417,0
15,1,0,0,25,0,20,114602,6.41,0,260,0
16,2,0,0,20,0,2,328063,6.15,0,313,0
15,4,0,0,21,0,7,412711,5.05,0,404,0
11,1,0,0,17,0,12,314298,7.17,0,244,0
12,3,0,0,17,0,12,204231,4.17,0,98,0
11,4,0,0,24,0,18,206716,6.9,0,310,0
14,2,0,0,11,0,8,377243,6.0,0,381,0
14,2,0,0,27,0,7,314185,4.8,0,356,0
14,1,0,0,29,0,13,344796,4.36,0,322,0
15,3,0,0,18,0,2,324061,1.75,0,225,0
11,1,0,0,26,0,3,154806,2.87,0,432,0
11,3,0,0,26,0,10,126770,6.88,0,383,0
13,2,0,0,29,0,19,66937,3.51,0,261,0
10,2,0,0,28,0,19,253888,2.66,0,431,0
13,1,0,0,17,0,14,268400,7.7,0,380,0
14,1,0,0,5,0,10,156476,5.34,0,429,0
16,2,0,0,25,0,13,445893,5.12,0,408,0
12,2,0,0,14,0,16,143022,7.88,0,68,0
11,2,0,0,28,0,18,112575,3.64,0,249,0
13,3,0,0,9,0,7,356176,6.92,0,32,0
14,4,0,0,27,0,6,70940,2.08,0,195,0
9,3,0,0,20,0,20,338442,3.51,0,431,0
14,2,0,0,10,0,18,85744,6.5,0,111,0
15,4,0,0,7,0,13,165971,7.18,0,369,0
14,3,0,0,16,0,11,164528,7.65,0,346,0
17,4,0,0,22,0,2,110147,5.68,0,258,0
12,2,0,0,6,0,12,249949,7.41,0,88,0
15,3,0,0,22,0,11,62952,7.38,0,450,0
14,4,0,0,20,0,3,205416,7.29,0,128,0
14,1,0,0,8,0,7,455441,4.77,0,33,0
10,2,0,0,26,0,8,409349,3.97,0,83,0
12,4,0,0,25,0,4,441585,5.8,0,42,0
16,3,0,0,6,0,4,88403,1.38,0,436,0
13,1,0,0,23,0,9,185606,3.85,0,260,0
15,4,0,0,15,0,2,254211,5.71,0,303,0
9,1,0,0,29,0,20,73863,5.91,0,67,0
14,1,0,0,14,0,11,368015,1.61,0,421,0
16,4,0,0,17,0,2,298506,2.09,0,142,0
11,4,0,0,30,0,19,204653,7.72,0,103,0
13,3,0,0,5,0,19,341016,1.99,0,51,0
9,4,0,0,22,0,19,94630,3.13,0,413,0
14,2,0,0,18,0,18,124687,2.13,0,143,0
13,2,0,0,8,0,7,401785,6.6,0,466,0
9,4,0,0,25,0,19,88348,3.03,0,64,0
13,1,0,0,11,0,20,305428,7.66,0,212,0
11,2,0,0,8,0,11,374804,1.49,0,129,0
14,4,0,0,19,0,12,373140,5.62,0,385,0
11,3,0,0,30,0,12,274556,2.18,0,190,0
12,2,0,0,27,0,15,195059,6.88,0,98,0
14,4,0,0,19,0,16,238083,6.42,0,279,0
17,1,0,0,10,0,4,491341,2.96,0,453,0
11,2,0,0,13,0,4,431380,1.53,0,39,0
17,1,0,0,23,0,20,262407,6.38,0,138,0
9,3,0,0,22,0,19,297518,5.58,0,106,0
14,4,0,0,12,0,20,434422,7.0,0,98,0
16,1,0,0,17,0,13,313280,1.07,0,152,0
11,2,0,0,19,0,7,143923,4.96,0,319,0
11,4,0,0,16,0,3,164724,6.33,0,148,0
10,3,0,0,16,0,9,72443,5.68,0,295,0
14,4,0,0,20,0,16,74346,1.28,0,362,0
14,1,0,0,27,0,18,382171,6.81,0,457,0
13,2,0,0,17,0,14,241520,5.11,0,457,0
10,3,0,0,17,0,9,320727,3.84,0,448,0
14,4,0,0,30,0,17,366780,1.05,0,101,0
16,2,0,0,12,0,4,319767,5.5,0,138,0
11,2,0,0,10,0,13,365632,6.02,0,90,0
12,4,0,0,30,0,12,427621,1.79,0,375,0
16,4,0,0,11,0,20,134539,5.53,0,240,0
9,2,0,0,6,0,6,350672,5.15,0,98,0
17,1,0,0,23,0,6,79313,2.16,0,122,0
17,4,0,0,24,0,20,384297,1.13,0,398,0
13,1,0,0,11,0,16,367994,7.95,0,474,0
16,2,0,0,12,0,15,365012,2.0,0,328,0
11,3,0,0,10,0,12,287748,5.18,0,65,0
12,4,0,0,17,0,6,106922,1.12,0,297,0
17,4,0,0,9,0,5,143020,4.33,0,344,0
9,1,0,0,7,0,17,395711,1.91,0,338,0
17,1,0,0,29,0,15,323701,3.94,0,477,0
9,4,0,0,12,0,17,463954,6.38,0,209,0
10,4,0,0,9,0,10,300159,6.36,0,469,0
10,3,0,0,24,0,19,264248,2.8,0,32,0
9,1,0,0,21,0,2,246623,5.58,0,382,0
14,4,0,0,16,0,5,131148,3.98,0,329,0
13,3,0,0,22,0,15,346049,3.56,0,171,0
15,2,0,0,18,0,19,460930,4.9,0,121,0
14,4,0,0,13,0,11,352855,3.41,0,391,0
15,2,0,0,26,0,5,442070,2.61,0,430,0
11,1,0,0,11,0,18,260009,6.5,0,440,0
17,1,0,0,10,0,14,383382,1.04,0,76,0
11,4,0,0,24,0,15,96211,1.45,0,143,0
14,1,0,0,24,0,3,429843,3.69,0,235,0
17,3,0,0,27,0,3,455593,6.74,0,357,0
16,4,0,0,5,0,8,495942,5.6,0,441,0
17,3,0,0,11,0,3,461020,5.2,0,294,0
12,2,0,0,26,0,3,238607,2.67,0,30,0
11,1,0,0,13,0,14,235140,5.69,0,237,0
12,1,0,0,28,0,4,97272,4.85,0,401,0
17,3,0,0,16,0,10,168644,5.24,0,129,0
16,4,0,0,23,0,2,186895,2.23,0,289,0
10,1,0,0,21,0,11,228240,7.63,0,441,0
17,3,0,0,22,0,20,181146,5.86,0,223,0
16,2,0,0,29,0,12,456637,4.21,0,265,0
9,4,0,0,8,0,10,85417,3.68,0,433,0
12,2,0,0,30,0,12,266229,7.69,0,294,0
17,1,0,0,27,0,10,180158,3.01,0,234,0
14,1,0,0,22,0,7,299852,3.2,0,141,0
13,2,0,0,28,0,8,311619,6.16,0,150,0
12,3,0,0,11,0,9,156308,6.84,0,458,0
14,2,0,0,29,0,5,112850,7.44,0,376,0
16,1,0,0,29,0,19,72158,6.94,0,220,0
14,4,0,0,23,0,10,307323,2.28,0,421,0
17,3,0,0,17,0,9,443304,5.04,0,57,0
17,4,0,0,20,0,19,67072,4.52,0,231,0
11,4,0,0,8,0,18,291209,3.21,0,34,0
9,2,0,0,17,0,20,102820,3.28,0,343,0
13,2,0,0,22,0,10,174329,2.89,0,343,0
14,3,0,0,10,0,17,272268,2.47,0,388,0
14,3,0,0,17,0,10,286311,2.26,0,97,0
12,1,0,0,28,0,10,471573,2.65,0,251,0
15,2,0,0,9,0,6,297981,6.64,0,120,0
15,4,0,0,9,0,18,329960,6.04,0,432,0
16,3,0,0,13,0,19,347708,1.33,0,80,0
11,1,0,0,11,0,10,299843,6.87,0,79,0
16,3,0,0,13,0,13,238904,4.92,0,444,0
13,3,0,0,5,0,15,113563,3.46,0,377,0
12,2,0,0,29,0,11,236179,3.28,0,291,0
16,4,0,0,7,0,14,371736,3.01,0,353,0
11,2,0,0,25,0,12,271153,5.42,0,322,0
15,1,0,0,7,0,7,230158,2.6,0,192,0
13,3,0,0,24,0,14,192212,7.21,0,429,0
14,4,0,0,18,0,7,146409,6.98,0,94,0
12,3,0,0,28,0,4,160400,2.17,0,82,0
10,1,0,0,20,0,19,78220,1.18,0,233,0
17,1,0,0,8,0,10,374063,2.09,0,365,0
15,3,0,0,12,0,9,436711,2.99,0,350,0
11,2,0,0,21,0,7,64979,1.25,0,212,0
14,4,0,0,19,0,19,192823,4.84,0,99,0
17,2,0,0,23,0,16,380850,6.24,0,479,0
15,3,0,0,16,0,17,332941,2.59,0,75,0
16,3,0,0,16,0,15,186213,2.09,0,35,0
9,2,0,0,16,0,11,295994,4.75,0,382,0
16,4,0,0,14,0,2,451536,4.01,0,179,0
12,1,0,0,22,0,13,148865,3.88,0,317,0
15,4,0,0,12,0,7,424833,6.16,0,229,0
15,2,0,0,13,0,4,271375,5.38,0,294,0
13,3,0,0,25,0,19,474048,2.88,0,126,0
10,2,0,0,9,0,11,107858,5.46,0,346,0
16,3,0,0,27,0,17,148455,3.24,0,107,0
9,1,0,0,10,0,5,197909,2.88,0,396,0
16,1,0,0,12,0,4,129001,1.1,0,141,0
14,4,0,0,14,0,17,244719,4.25,0,435,0
9,3,0,0,7,0,6,79380,2.87,0,230,0
10,4,0,0,10,0,8,491208,2.75,0,225,0
9,1,0,0,29,0,9,251744,6.4,0,256,0
12,1,0,0,11,0,16,435520,6.4,0,296,0
12,4,0,0,17,0,11,219378,2.11,0,402,0
9,1,0,0,13,0,17,384768,3.09,0,214,0
9,2,0,0,8,0,9,381826,4.04,0,37,0
11,3,0,0,23,0,5,257517,6.52,0,34,0
9,4,0,0,27,0,6,244719,6.4,0,157,0
11,4,0,0,7,0,12,448228,5.38,0,60,0
14,2,0,0,27,0,19,464956,1.75,0,279,0
12,3,0,0,22,0,13,472327,7.24,0,405,0
12,1,0,0,27,0,14,237782,6.07,0,158,0
9,4,0,0,27,0,16,343089,3.06,0,386,0
16,2,0,0,23,0,7,335013,3.43,0,404,0
16,3,0,0,24,0,19,134066,1.48,0,109,0
16,3,0,0,13,0,19,242472,4.18,0,427,0
17,4,0,0,28,0,7,59814,5.34,0,216,0
12,3,0,0,28,0,4,395133,7.77,0,449,0
15,2,0,0,21,0,17,451465,4.86,0,343,0
13,3,0,0,18,0,12,107915,1.67,0,367,0
10,1,0,0,9,0,7,66396,2.41,0,278,0
12,1,0,0,6,0,20,386462,6.85,0,366,0
16,3,0,0,6,0,13,165722,5.24,0,66,0
9,2,0,0,25,0,17,486248,1.56,0,440,0
9,3,0,0,22,0,15,480978,3.58,0,392,0
9,3,0,0,21,0,3,434984,1.49,0,185,0
10,2,0,0,21,0,5,103071,6.08,0,302,0
15,2,0,0,11,0,18,394392,2.74,0,350,0
11,4,0,0,28,0,5,451753,5.47,0,213,0
16,4,0,0,8,0,7,465478,2.26,0,235,0
17,3,0,0,26,0,7,329917,7.99,0,256,0
14,3,0,0,22,0,12,492946,3.6,0,421,0
15,3,0,0,24,0,9,345250,4.82,0,222,0
17,3,0,0,16,0,16,284618,7.72,0,30,0
9,3,0,0,24,0,2,321376,1.95,0,184,0
9,3,0,0,12,0,8,498643,3.2,0,425,0
13,2,0,0,8,0,3,291366,3.49,0,100,0
13,3,0,0,23,0,9,172156,2.79,0,183,0
10,4,0,0,23,0,8,434966,1.54,0,196,0
16,2,0,0,20,0,20,479662,7.35,0,334,0
13,1,0,0,28,0,20,250040,1.55,0,58,0
14,3,0,0,18,0,15,113197,7.09,0,146,0
9,4,0,0,6,0,11,324927,1.29,0,306,0
11,3,0,0,21,0,9,130319,1.35,0,404,0
15,4,0,0,29,0,20,314623,1.63,0,251,0
13,4,0,0,9,0,6,226248,1.58,0,322,0
9,4,0,0,13,0,4,258942,4.51,0,426,0
11,2,0,0,20,0,19,153865,4.42,0,363,0
12,2,0,0,12,0,4,189595,6.44,0,195,0
10,1,0,0,26,0,15,272057,3.56,0,127,0
14,3,0,0,24,0,2,453534,3.13,0,209,0
16,2,0,0,19,0,3,478957,2.63,0,380,0
14,2,0,0,29,0,4,108915,6.18,0,154,0
11,3,0,0,5,0,12,413748,6.63,0,186,0
16,4,0,0,5,0,12,159581,6.18,0,138,0
12,3,0,0,22,0,17,376653,6.11,0,102,0
9,4,0,0,23,0,18,72797,2.79,0,60,0
13,2,0,0,30,0,10,77831,4.25,0,34,0
10,4,0,0,26,0,10,397593,6.96,0,367,0
14,1,0,0,5,0,11,390478,3.71,0,224,0
17,1,0,0,15,0,17,363055,4.72,0,125,0
12,4,0,0,22,0,2,70841,2.73,0,301,0
13,3,0,0,20,0,14,440275,2.1,0,207,0
14,3,0,0,25,0,11,173839,7.97,0,286,0
13,1,0,0,25,0,10,252988,7.23,0,447,0
9,3,0,0,12,0,6,229194,7.28,0,366,0
11,1,0,0,28,0,14,323006,7.72,0,343,0
12,4,0,0,12,0,20,130084,3.99,0,189,0
14,4,0,0,22,0,6,158400,5.57,0,327,0
17,2,0,0,9,0,11,410989,5.94,0,298,0
11,4,0,0,29,0,6,394054,7.53,0,110,0
14,1,0,0,22,0,19,427194,1.83,0,192,0
11,1,0,0,29,0,12,267076,7.73,0,185,0
16,3,0,0,9,0,8,105978,1.92,0,43,0
13,2,0,0,24,0,9,171064,5.81,0,213,0
10,4,0,0,9,0,18,493620,5.23,0,394,0
14,2,0,0,17,0,17,298432,1.96,0,128,0
12,1,0,0,18,0,2,191483,7.65,0,143,0
12,2,0,0,7,0,7,280311,7.07,0,280,0
14,4,0,0,12,0,15,262266,6.43,0,341,0
15,3,0,0,17,0,20,361325,4.75,0,358,0
9,1,0,0,19,0,16,483591,7.14,0,479,0
12,4,0,0,28,0,3,342395,3.71,0,421,0
9,2,0,0,14,0,16,258687,7.19,0,426,0
13,4,0,0,10,0,15,204360,5.29,0,57,0
17,2,0,0,19,0,16,97417,6.06,0,87,0
11,2,0,0,17,0,15,219586,4.16,0,121,0
16,2,0,0,19,0,4,181115,3.27,0,362,0
11,1,0,0,7,0,5,420266,4.15,0,215,0
10,4,0,0,28,0,18,370902,7.65,0,223,0
17,4,0,0,6,0,7,225737,4.96,0,367,0
11,2,0,0,9,0,7,453259,5.98,0,244,0
13,3,0,0,28,0,16,201404,5.39,0,90,0
11,2,0,0,5,0,10,56400,4.21,0,467,0
16,1,0,0,24,0,17,174716,2.52,0,367,0
16,4,0,0,18,0,16,91631,5.21,0,33,0
12,3,0,0,24,0,19,479979,6.78,0,55,0
11,2,0,0,6,0,13,69252,2.02,0,46,0
13,3,0,0,7,0,3,107088,3.92,0,121,0
11,3,0,0,24,0,20,462775,4.94,0,263,0
14,1,0,0,7,0,11,219251,3.58,0,224,0
10,4,0,0,22,0,4,203528,4.3,0,92,0
13,3,0,0,21,0,15,325065,2.47,0,137,0
9,1,0,0,23,0,18,95964,4.39,0,382,0
13,4,0,0,24,0,12,186136,4.68,0,349,0
14,2,0,0,24,0,20,310254,4.64,0,353,0
16,4,0,0,30,0,7,369504,2.63,0,178,0
12,1,0,0,8,0,2,293733,5.38,0,90,0
12,4,0,0,18,0,3,225003,3.45,0,442,0
12,1,0,0,25,0,8,411767,2.97,0,434,0
10,3,0,0,14,0,18,338355,3.27,0,33,0
10,3,0,0,15,0,14,429792,4.98,0,44,0
11,2,0,0,15,0,12,402569,4.35,0,272,0
9,2,0,0,20,0,6,378833,4.22,0,472,0
17,3,0,0,19,0,15,439328,1.39,0,296,0
13,3,0,0,22,0,19,59813,2.46,0,380,0
14,3,0,0,7,0,6,197041,6.89,0,203,0
15,2,0,0,23,0,14,148240,5.17,0,472,0
13,3,0,0,27,0,3,192342,3.9,0,284,0
12,3,0,0,19,0,11,163319,4.68,0,119,0
10,3,0,0,30,0,3,457786,2.41,0,77,0
16,1,0,0,30,0,17,312172,2.08,0,204,0
16,3,0,0,29,0,12,125127,6.39,0,80,0
17,2,0,0,11,0,3,290841,3.71,0,472,0
17,1,0,0,5,0,11,73084,5.81,0,334,0
10,3,0,0,19,0,3,104055,4.64,0,367,0
13,1,0,0,23,0,11,384941,7.24,0,194,0
12,2,0,0,14,0,10,329065,3.23,0,255,0
10,3,0,0,9,0,7,193464,1.8,0,348,0
17,1,0,0,11,0,19,233667,4.85,0,168,0
11,3,0,0,23,0,9,139797,1.5,0,343,0
14,4,0,0,6,0,6,65200,4.3,0,375,0
9,1,0,0,17,0,3,95151,3.99,0,121,0
16,3,0,0,14,0,12,478575,2.39,0,418,0
17,1,0,0,29,0,16,347685,1.92,0,446,0
16,1,0,0,19,0,11,408863,5.51,0,422,0
16,4,0,0,12,0,9,125351,7.03,0,345,0
13,3,0,0,17,0,7,416799,7.42,0,199,0
14,4,0,0,20,0,2,84270,4.33,0,209,0
16,4,0,0,10,0,11,452622,3.44,0,324,0
11,1,0,0,17,0,5,220849,4.89,0,66,0
13,4,0,0,17,0,20,266762,2.67,0,154,0
17,2,0,0,20,0,14,84634,3.38,0,446,0
15,4,0,0,23,0,12,335488,5.86,0,118,0
10,4,0,0,8,0,20,362515,4.24,0,314,0
10,4,0,0,10,0,11,262752,1.49,0,85,0
15,3,0,0,20,0,3,97465,2.52,0,101,0
9,2,0,0,26,0,6,287489,4.72,0,229,0
16,2,0,0,11,0,12,207147,4.99,0,377,0
13,4,0,0,27,0,13,96812,5.08,0,343,0
17,4,0,0,9,0,11,82721,3.58,0,311,0
9,1,0,0,27,0,19,480311,7.85,0,86,0
13,1,0,0,12,0,15,418166,5.13,0,350,0
14,4,0,0,17,0,14,278164,4.82,0,369,0
11,4,0,0,9,0,8,341200,3.69,0,214,0
15,2,0,0,14,0,6,120400,1.08,0,361,0
9,2,0,0,28,0,17,394943,4.06,0,99,0
10,2,0,0,25,0,15,289090,7.26,0,386,0
15,2,0,0,19,0,18,272363,4.86,0,260,0
15,3,0,0,12,0,7,272702,5.23,0,325,0
16,2,0,0,27,0,18,191164,3.88,0,309,0
14,1,0,0,6,0,20,303371,5.93,0,87,0
16,1,0,0,9,0,18,443521,6.45,0,268,0
17,1,0,0,21,0,4,178571,4.31,0,409,0
10,3,0,0,24,0,3,230117,4.75,0,35,0
16,4,0,0,21,0,17,350923,6.14,0,245,0
14,3,0,0,14,0,7,68521,5.87,0,335,0
13,3,0,0,6,0,17,353112,2.18,0,56,0
13,1,0,0,14,0,17,93259,1.89,0,69,0
13,3,0,0,9,0,10,194293,7.01,0,37,0
10,2,0,0,23,0,6,395587,4.13,0,443,0
11,3,0,0,30,0,9,304236,2.27,0,300,0
9,3,0,0,7,0,6,362236,7.54,0,108,0
16,4,0,0,29,0,14,174752,5.62,0,401,0
11,2,0,0,23,0,13,78482,5.5,0,416,0
10,1,0,0,10,0,16,259057,4.33,0,273,0
17,2,0,0,17,0,14,298821,2.84,0,301,0
15,1,0,0,14,0,16,250280,5.75,0,301,0
9,1,0,0,22,0,13,492624,4.02,0,363,0
13,3,0,0,13,0,10,470644,1.69,0,365,0
15,4,0,0,29,0,9,434991,5.7,0,424,0
12,3,0,0,26,0,7,214243,4.83,0,374,0
9,1,0,0,5,0,15,101222,4.68,0,380,0
16,3,0,0,12,0,11,182066,2.35,0,42,0
10,1,0,0,24,0,8,364250,5.47,0,392,0
10,1,0,0,24,0,6,247110,5.59,0,361,0
11,1,0,0,27,0,7,182820,3.06,0,368,0
10,4,0,0,13,0,15,412923,7.32,0,424,0
14,3,0,0,10,0,4,195378,6.44,0,225,0
15,3,0,0,6,0,10,476141,2.85,0,255,0
10,4,0,0,11,0,14,143555,5.52,0,85,0
11,4,0,0,11,0,5,281515,6.01,0,82,0
9,1,0,0,7,0,20,431443,2.75,0,258,0
9,4,0,0,9,0,2,69836,5.65,0,166,0
11,3,0,0,17,0,20,51941,4.61,0,424,0
16,4,0,0,18,0,14,492524,6.09,0,445,0
10,2,0,0,5,0,14,411371,6.73,0,276,0
10,3,0,0,15,0,11,260037,1.39,0,361,0
10,3,0,0,22,0,12,92182,6.89,0,419,0
13,2,0,0,10,0,19,70620,7.77,0,368,0
12,3,0,0,27,0,14,105977,5.41,0,213,0
16,1,0,0,25,0,16,435521,2.33,0,48,0
12,1,0,0,28,0,20,175034,4.42,0,62,0
17,3,0,0,20,0,19,487387,6.68,0,38,0
9,3,0,0,6,0,12,463022,6.05,0,237,0
10,2,0,0,30,0,18,290318,7.58,0,475,0
17,2,0,0,28,0,20,172151,7.47,0,48,0
11,4,0,0,25,0,2,297054,7.35,0,346,0
9,2,0,0,27,0,6,57531,2.21,0,55,0
13,1,0,0,19,0,7,487965,5.14,0,448,0
10,1,0,0,20,0,9,83087,6.63,0,248,0
14,4,0,0,15,0,5,408659,5.03,0,100,0
14,2,0,0,29,0,3,360947,2.21,0,62,0
10,3,0,0,9,0,15,138107,5.87,0,313,0
11,4,0,0,12,0,20,71337,1.93,0,435,0
15,2,0,0,5,0,17,92321,1.04,0,121,0
10,3,0,0,18,0,17,412995,1.89,0,103,0
13,4,0,0,18,0,9,141513,5.27,0,49,0
11,4,0,0,24,0,4,378829,6.79,0,184,0
14,4,0,0,5,0,19,173542,2.34,0,301,0
10,3,0,0,29,0,19,316097,2.53,0,424,0
12,3,0,0,6,0,8,109076,6.58,0,380,0
16,4,0,0,10,0,7,401347,7.46,0,57,0
14,3,0,0,11,0,15,181796,3.34,0,442,0
16,1,0,0,8,0,3,331731,2.23,0,432,0
9,4,0,0,21,0,5,87150,7.27,0,399,0
16,3,0,0,18,0,8,441688,5.74,0,196,0
12,1,0,0,15,0,9,101413,2.66,0,241,0
12,4,0,0,12,0,4,296934,5.1,0,57,0
15,2,0,0,11,0,16,143355,3.71,0,99,0
16,2,0,0,25,0,13,191397,2.42,0,95,0
9,1,0,0,13,0,6,108253,6.96,0,264,0
15,2,0,0,29,0,12,165266,7.2,0,339,0
11,2,0,0,23,0,19,498268,2.61,0,240,0
17,4,0,0,11,0,20,298244,6.86,0,172,0
9,4,0,0,28,0,9,179935,3.29,0,326,0
12,2,0,0,23,0,2,269032,7.86,0,50,0
16,1,0,0,18,0,18,256737,4.35,0,438,0
10,4,0,0,20,0,9,93563,4.91,0,36,0
15,2,0,0,9,0,13,205079,2.67,0,76,0
9,4,0,0,26,0,11,134831,5.92,0,469,0
9,4,0,0,19,0,6,418645,3.84,0,434,0
14,4,0,0,27,0,2,378888,1.49,0,383,0
14,1,0,0,14,0,15,444730,2.89,0,343,0
17,2,0,0,30,0,4,375297,7.17,0,406,0
9,3,0,0,6,0,5,250778,3.56,0,346,0
9,3,0,0,16,0,7,389829,4.91,0,64,0
17,2,0,0,9,0,12,175112,4.78,0,362,0
16,2,0,0,29,0,9,218015,3.47,0,166,0
17,4,0,0,13,0,3,83223,3.61,0,261,0
16,1,0,0,20,0,19,405628,6.78,0,179,0
16,3,0,0,30,0,4,148751,7.24,0,264,0
10,1,0,0,17,0,7,201190,7.71,0,69,0
10,2,0,0,13,0,5,415471,2.04,0,107,0
12,1,0,0,14,0,15,407775,4.79,0,97,0
16,3,0,0,18,0,16,436772,5.51,0,179,0
12,1,0,0,5,0,9,487752,7.63,0,360,0
14,4,0,0,23,0,12,393807,5.52,0,197,0
16,4,0,0,19,0,11,347403,1.92,0,434,0
13,2,0,0,30,0,10,168899,4.39,0,177,0
9,2,0,0,16,0,11,289036,7.69,0,346,0
11,3,0,0,10,0,7,490051,5.96,0,371,0
11,2,0,0,12,0,5,71575,7.96,0,324,0
11,4,0,0,13,0,13,146729,2.44,0,392,0
9,3,0,0,16,0,6,245514,4.14,0,113,0
17,3,0,0,8,0,2,262107,7.52,0,423,0
11,4,0,0,15,0,6,52251,7.79,0,309,0
17,3,0,0,25,0,11,298465,7.27,0,416,0
11,4,0,0,15,0,5,433590,4.35,0,50,0
11,1,0,0,14,0,2,260569,5.32,0,142,0
16,3,0,0,7,0,12,78853,5.26,0,129,0
17,2,0,0,30,0,10,152611,1.16,0,305,0
16,1,0,0,21,0,14,151947,4.43,0,338,0
17,1,0,0,26,0,13,258434,2.04,0,467,0
15,3,0,0,17,0,13,56391,2.99,0,209,0
13,4,0,0,22,0,4,163086,6.09,0,257,0
15,4,0,0,14,0,7,472404,6.1,0,247,0
15,2,0,0,23,0,4,125308,2.45,0,273,0
17,3,0,0,7,0,20,446421,3.63,0,33,0
15,3,0,0,18,0,7,341406,4.23,0,320,0
11,2,0,0,10,0,14,201762,4.88,0,51,0
13,3,0,0,20,0,19,437897,4.24,0,43,0
9,2,0,0,13,0,11,385835,6.84,0,271,0
10,3,0,0,18,0,7,307890,7.35,0,360,0
12,1,0,0,8,0,10,308500,7.96,0,64,0
14,4,0,0,23,0,15,185219,5.4,0,273,0
1,19,1,1,444,0,266,22417245,25.59,1,23,1
3,22,1,0,332,0,63,23298597,38.48,3,11,1
3,17,1,1,189,1,99,47146376,26.91,1,81,1
2,25,1,1,573,1,254,25204620,32.64,3,17,1
23,19,0,0,220,1,122,30032558,65.62,4,48,1
2,11,0,0,407,0,262,17644436,66.68,5,83,1
23,25,1,1,509,0,156,35903051,74.54,1,109,1
2,8,1,1,309,1,142,14329070,68.11,5,71,1
3,13,1,1,164,1,258,12958902,29.45,2,93,1
2,17,0,0,216,0,158,12497549,20.05,4,101,1
4,9,0,0,166,1,181,44807379,18.85,1,37,1
1,10,1,1,155,0,250,13307644,74.81,2,80,1
2,13,1,1,164,0,87,23614365,76.67,3,50,1
2,24,1,1,273,1,195,9586021,21.44,5,102,1
1,24,0,1,248,1,93,41045948,15.28,1,32,1
23,23,1,1,451,0,162,12202425,26.76,3,53,1
4,14,1,0,358,0,244,26090992,23.04,1,71,1
2,23,1,1,297,1,234,7725194,20.35,4,19,1
4,17,1,1,526,1,225,34793374,29.68,4,42,1
4,14,0,1,497,1,95,5858043,79.92,4,91,1
1,20,1,1,487,1,71,13000574,24.32,4,93,1
23,11,1,0,183,1,299,18360461,37.01,5,113,1
4,11,0,1,521,1,121,44051897,53.59,4,50,1
4,20,1,1,292,0,246,35510021,22.02,3,67,1
4,15,1,0,165,0,238,8546865,68.97,4,91,1
1,13,1,1,497,1,89,25317383,55.43,1,102,1
1,24,1,1,253,1,219,38413439,46.87,3,74,1
3,25,1,0,541,0,160,12994954,39.94,3,114,1
4,22,1,0,166,0,192,49252324,70.92,3,118,1
2,23,1,0,309,1,149,37712546,64.66,5,91,1
4,25,1,1,442,1,171,42732321,70.53,5,12,1
4,16,1,1,343,1,223,28673575,64.82,3,46,1
1,8,1,0,215,1,139,44189360,16.75,3,53,1
1,21,1,1,360,1,64,49375065,30.87,2,87,1
3,10,1,0,594,1,79,27655567,26.04,5,46,1
1,22,1,1,440,1,280,33264416,32.33,4,80,1
1,18,1,1,349,1,196,11558258,67.54,1,93,1
2,18,1,1,565,1,136,16182163,54.96,3,60,1
2,23,1,0,580,1,104,24284105,32.24,3,78,1
4,15,1,1,197,1,266,43801892,21.16,3,39,1
1,24,1,1,257,1,253,10144672,57.35,3,69,1
3,21,1,1,310,0,156,31997960,31.33,5,63,1
23,13,0,1,510,1,270,17518416,52.49,2,89,1
4,16,1,1,564,1,268,34106757,75.75,1,71,1
2,19,1,0,273,0,241,25151159,69.87,4,45,1
1,14,1,1,571,1,215,15776630,31.67,5,35,1
4,15,0,0,248,0,112,25840024,45.17,5,60,1
4,9,0,0,289,0,57,22340718,66.33,3,89,1
23,13,1,0,519,1,250,6336053,18.6,1,45,1
23,17,0,1,336,1,218,11060352,40.8,2,35,1
1,24,0,1,490,1,293,40249611,31.37,1,35,1
23,11,1,1,576,1,238,31169146,67.38,2,59,1
2,12,0,0,259,1,162,32405619,31.53,5,12,1
4,25,1,1,207,1,189,33439482,45.87,2,40,1
2,19,1,1,338,1,55,48311898,77.84,5,9,1
1,15,1,1,346,1,213,29350793,73.71,1,73,1
2,22,1,0,351,1,127,11056596,75.86,2,43,1
2,13,1,1,312,1,154,7273761,32.81,1,110,1
4,23,1,1,580,1,233,33344502,71.99,1,110,1
2,16,1,0,330,1,204,41757385,62.96,4,93,1
1,9,1,1,244,1,163,48023412,23.85,4,30,1
3,18,1,0,206,0,113,39652728,61.38,2,113,1
23,21,1,1,394,1,84,22493930,26.28,5,110,1
3,17,0,0,362,1,96,31406947,71.97,5,33,1
1,8,1,1,463,1,108,10971116,78.32,2,38,1
2,9,1,1,369,1,116,15016078,20.79,3,26,1
23,11,0,1,419,1,247,35447819,68.77,4,20,1
2,14,0,1,297,1,176,30640519,23.46,2,81,1
2,17,1,1,246,1,96,32415588,66.51,1,42,1
3,15,1,1,277,1,199,48435243,44.78,1,65,1
2,18,1,1,501,0,232,30735944,61.05,5,37,1
1,11,1,0,176,1,288,20759942,45.61,3,82,1
23,9,0,1,408,1,147,25300924,78.54,3,21,1
23,9,1,0,283,0,178,38073920,75.47,4,21,1
1,18,1,1,371,0,116,12841137,35.36,2,68,1
3,19,1,1,598,1,206,22700495,48.6,4,119,1
2,18,1,1,541,0,192,49118674,56.38,4,11,1
2,12,0,0,243,0,170,22463334,25.63,4,60,1
1,23,0,1,332,1,193,37561188,44.75,1,113,1
2,11,1,0,254,1,96,16294086,63.75,3,77,1
23,14,1,0,419,1,96,32945405,74.83,2,103,1
4,11,1,0,295,1,224,13186673,40.62,5,18,1
3,12,0,0,385,1,218,37202530,44.51,3,81,1
1,18,0,1,468,1,133,43195576,23.41,1,107,1
3,18,0,1,186,1,293,45419100,39.79,4,37,1
2,15,1,0,160,0,91,31071988,65.67,3,87,1
2,11,1,1,560,1,238,25810546,73.74,5,21,1
3,11,1,1,252,1,164,31044247,45.97,5,81,1
4,10,1,1,464,0,161,47324638,42.69,1,70,1
3,22,1,0,481,1,232,15406551,75.49,5,85,1
23,10,1,1,373,0,282,37051956,34.53,2,92,1
3,15,1,1,301,1,62,41976603,19.97,1,70,1
1,24,1,1,198,1,219,43149926,67.83,3,37,1
23,10,1,0,208,1,219,36063280,26.67,2,112,1
4,9,0,1,598,1,126,26068583,53.17,4,101,1
4,16,1,0,258,0,70,45537302,31.86,1,60,1
23,8,0,1,209,0,93,49010058,46.01,4,116,1
23,23,1,1,566,1,142,31507815,67.3,1,21,1
2,8,0,0,567,0,228,17631304,70.84,2,66,1
2,15,1,1,589,1,98,10777640,34.56,4,23,1
4,21,0,0,235,0,239,34881291,77.65,4,7,1
4,15,0,1,441,1,63,27404298,15.51,4,58,1
4,25,1,0,399,1,174,39450719,53.42,5,91,1
4,15,1,0,420,0,158,43681774,35.53,1,39,1
4,23,0,1,468,1,138,35086607,60.34,1,25,1
3,14,1,1,374,0,179,19743974,53.2,3,82,1
4,12,1,1,514,1,295,32975073,69.15,3,106,1
4,13,1,0,294,1,241,10784240,58.36,2,27,1
2,13,1,1,201,1,291,38133329,34.74,2,76,1
1,8,1,1,332,1,90,16724911,68.82,5,9,1
1,18,1,0,466,0,80,42713936,29.57,3,48,1
3,9,1,1,227,1,273,39587065,54.28,1,95,1
1,22,1,0,204,1,206,11836248,68.53,1,69,1
1,13,1,0,595,0,283,29269144,25.21,3,95,1
4,24,1,1,595,0,89,48425674,38.64,2,20,1
2,22,1,0,275,1,137,24244023,47.83,1,39,1
3,21,1,1,490,0,88,40544228,42.41,2,22,1
4,21,1,1,586,1,253,29278266,76.34,4,23,1
1,24,0,0,323,1,152,16027642,43.21,4,102,1
1,12,1,0,473,1,254,49316118,71.93,3,58,1
